<?xml version="1.0" encoding="utf-8"?><adhance><job>
										<id> <![CDATA[553205]]> </id>
										<url> <![CDATA[https://www.maukerja.my/adhjobclick/z46dz76-e768e
]]> </url>
										<title> <![CDATA[Product Support Engineer (IoT)]]> </title>
										<content> <![CDATA[<br><b>Job Responsibility</b><br><ul>
<li>To plan, coordinate and assist product support tasks</li>
<li>To assist in providing on-site and remote assistance to Malaysia and regional partners'&nbsp;</li>
<li>Prepare technical documentation and conduct training related&nbsp; to product</li>
</ul>
<p>&nbsp;</p><br><b>Job Requirements</b><br><ul>
<li>Self-motivated, good interpersonal and communication skills</li>
<li>Minimum Diploma in IT, Computer Science, Telecommunications or any other related fields</li>
<li>Good command of verbal and written English.</li>
<li>Possess own transport &amp; willing to travel&nbsp;</li>
<li>Applicant must be willing to work in Technology Park Malaysia (TPM), Bukit Jalil.</li>
<li>Highly motivated and passionate fresh grads are encouraged to apply</li>
</ul><br><b>Job Benifits</b><br><ul>
<li>Good exposure in various business operations</li>
<li>Flexible working hours</li>
<li>High potential for employment after internship</li>
</ul>]]></content>
										<city> <![CDATA[Bukit Jalil]]> </city>
										<region><![CDATA[Kuala Lumpur]]></region>
										<zip><![CDATA[58200]]></zip>
										<salary><![CDATA[RM2,000.0 - RM2,300.0 Per Month]]></salary>
										<company> <![CDATA[BNetworks Sdn Bhd]]> </company>
										<contract><![CDATA[Full Time]]></contract>
										<category><![CDATA[IT / Hardware]]></category>
										<pubdate> <![CDATA[24/01/2018 22:56:21]]> </pubdate>
										<expirydate> <![CDATA[23/02/2018 22:56:21]]> </expirydate>
										<studies><![CDATA[Diploma]]></studies>
										<languages><![CDATA[English]]></languages>
										<premium>yes</premium>
										</job><job>
										<id> <![CDATA[553203]]> </id>
										<url> <![CDATA[https://www.maukerja.my/adhjobclick/9zb6a79-e768e
]]> </url>
										<title> <![CDATA[Admin]]> </title>
										<content> <![CDATA[<br><b>Job Responsibility</b><br><ul>
<li>Responsible for handling front office reception and administration duties, including greeting guests, answering phones, handling company inquiries, and sorting and distributing mail.</li>
<li>Answer phones and operate a switchboard.</li>
<li>Route calls to specific people.</li>
<li>Greet visitors warmly and make sure they are comfortable.</li>
<li>Call persons waiting for visitor and book them a room to meet in.</li>
<li>Coordinate mail flow in and out of office.</li>
<li>To perform basic filing and clerical duties as when needed</li>
<li>Take and relay messages.</li>
</ul><br><b>Job Requirements</b><br><ul>
<li>Minimum SPM</li>
<li>Pleasant looking, warm personality, good interpersonal skills</li>
<li>Good understanding and strong human relation skills</li>
<li>Able to work independently</li>
<li>Able to meet deadlines with right sense of urgency.</li>
<li>Self-proactive, initiative and motivated attitude are a MUST.&nbsp;</li>
<li>Solid communication skills both written and verbal</li>
<li>Telephone Skills, Verbal Communication, Microsoft Office Skills, Listening, Professionalism, Customer Focus.</li>
<li>Ability to be resourceful and proactive in dealing with issues that may arise</li>
</ul><br><b>Job Benifits</b><br><p>&nbsp;</p>
<ul>
<li>EPF</li>
<li>SOCSO</li>
<li>Annual leave</li>
<li>Bonus</li>
</ul>]]></content>
										<city> <![CDATA[Klang]]> </city>
										<region><![CDATA[Selangor]]></region>
										<zip><![CDATA[41200]]></zip>
										<salary><![CDATA[RM1,400.0 - RM2,000.0 Per Month]]></salary>
										<company> <![CDATA[Razo Office Furniture Ent]]> </company>
										<contract><![CDATA[Full Time]]></contract>
										<category><![CDATA[Admin / Clerical]]></category>
										<pubdate> <![CDATA[24/01/2018 22:19:52]]> </pubdate>
										<expirydate> <![CDATA[23/02/2018 22:19:52]]> </expirydate>
										<studies><![CDATA[Primary School]]></studies>
										<languages><![CDATA[No]]></languages>
										<premium>yes</premium>
										</job><job>
										<id> <![CDATA[349886]]> </id>
										<url> <![CDATA[https://www.maukerja.my/adhjobclick/863bbzb-e768e
]]> </url>
										<title> <![CDATA[Senior Sales Engineer]]> </title>
										<content> <![CDATA[<br><b>Job Responsibility</b><br><ul>
<li>Responsible for sales targets in target market segment and channels</li>
<li>To conduct sales presentation and product/solution demo</li>
<li>To prepare and present solution proposals and quotations to meet customer&rsquo;s requirement</li>
<li>Manage, develop and build relationship with system integrator, consultants and end</li>
<li>Assist and organise marketing events such as seminar, exhibition and training</li>
<li>For 1st 6 months, the focus will be on Sales Support roles to built up the technical knowledge especially in system sizing (hardware, software, 3rd party products)</li>
</ul><br><b>Job Requirements</b><br><ul>
<li>Good sales and marketing skills with industrial B2B customers</li>
<li>Proactive, self-starter and team oriented</li>
<li>Prior experience in working with multinational corporations will be an advantage</li>
<li>Own Transport required</li>
<li>Candidates with similar working experience preferable</li>
</ul><br><b>Job Benifits</b><br><ul>
<li>EPF</li>
<li>SOCSO</li>
<li>Monthly Average Commission RM1500 - RM3500</li>
<li>Company Phone with Data</li>
<li>Petrol Claim (RM0.45/km = Car &amp; RM0.20/km for Motorcycle)</li>
<li>Parking Claim</li>
<li>Toll Claim</li>
<li>RM600 Medical Claimable per Year</li>
<li>Training Provided</li>
</ul>]]></content>
										<city> <![CDATA[Petaling Jaya]]> </city>
										<region><![CDATA[Selangor]]></region>
										<zip><![CDATA[46000]]></zip>
										<salary><![CDATA[RM3,500.0+++ Per Month]]></salary>
										<company> <![CDATA[Cutz Technologies Sdn Bhd]]> </company>
										<contract><![CDATA[Full Time]]></contract>
										<category><![CDATA[Sales / Biz Development]]></category>
										<pubdate> <![CDATA[01/05/2017 08:03:20]]> </pubdate>
										<expirydate> <![CDATA[17/02/2018 18:00:02]]> </expirydate>
										<studies><![CDATA[Diploma]]></studies>
										<languages><![CDATA[English,Bahasa Malaysia]]></languages>
										<premium>yes</premium>
										</job><job>
										<id> <![CDATA[349885]]> </id>
										<url> <![CDATA[https://www.maukerja.my/adhjobclick/4zadd65-e768e
]]> </url>
										<title> <![CDATA[Telemarketer]]> </title>
										<content> <![CDATA[<br><b>Job Responsibility</b><br><ul>
<li>Lead generation calling to qualify leads</li>
<li>Marketing and Promotional calls</li>
<li>RSVP and appointments</li>
<li>No travel required</li>
</ul><br><b>Job Requirements</b><br><ul>
<li>Minimum Diploma</li>
<li>Able to speak well through telephone</li>
</ul><br><b>Job Benifits</b><br><ul>
<li>Commission plan based on meeting KPI targets on calls (More than RM500 per month easily)</li>
<li>EPF</li>
<li>SOCSO</li>
<li>Annual Leave</li>
<li>Sick Leave</li>
</ul>]]></content>
										<city> <![CDATA[Petaling Jaya]]> </city>
										<region><![CDATA[Selangor]]></region>
										<zip><![CDATA[46000]]></zip>
										<salary><![CDATA[RM1,800.0+++ Per Month]]></salary>
										<company> <![CDATA[Cutz Technologies Sdn Bhd]]> </company>
										<contract><![CDATA[Full Time]]></contract>
										<category><![CDATA[Sales / Biz Development]]></category>
										<pubdate> <![CDATA[01/05/2017 08:03:19]]> </pubdate>
										<expirydate> <![CDATA[16/02/2018 18:00:02]]> </expirydate>
										<studies><![CDATA[Diploma]]></studies>
										<languages><![CDATA[No]]></languages>
										<premium>yes</premium>
										</job><job>
										<id> <![CDATA[349521]]> </id>
										<url> <![CDATA[https://www.maukerja.my/adhjobclick/5389dd7-e768e
]]> </url>
										<title> <![CDATA[Restaurant Crew]]> </title>
										<content> <![CDATA[<br><b>Job Responsibility</b><br><ul>
<li>Cashier Work</li>
<li>Order Taking</li>
<li>Food &amp; Drink Serving</li>
<li>Food Decoration</li>
<li>Basic Cleaning Work</li>
</ul><br><b>Job Requirements</b><br><ul>
<li>Age: 18-35</li>
<li>Malaysia Citizen</li>
<li>Humble and Willing To Learn</li>
<li>Motivated and Passionate in Food &amp; Beverage Industry&nbsp;</li>
</ul><br><b>Job Benifits</b><br><ul>
<li>EPF+ SOCSO</li>
<li>Attendance Bonus</li>
<li>Sales Bonus</li>
<li>Performance Bonus</li>
<li>Meal Included</li>
<li>Clear career advancement plan and training.</li>
<li>1 year&gt; Senior</li>
<li>2 year&gt; Supervisor</li>
<li>3 year&gt; Outlet Manager</li>
</ul>]]></content>
										<city> <![CDATA[Petaling Jaya]]> </city>
										<region><![CDATA[Selangor]]></region>
										<zip><![CDATA[47300]]></zip>
										<salary><![CDATA[RM1,800.0 - RM2,200.0 Per Month]]></salary>
										<company> <![CDATA[Two Pesos Malaysia]]> </company>
										<contract><![CDATA[Full Time,Part Time]]></contract>
										<category><![CDATA[Food & Beverage]]></category>
										<pubdate> <![CDATA[16/10/2017 13:02:52]]> </pubdate>
										<expirydate> <![CDATA[10/02/2018 19:00:01]]> </expirydate>
										<studies><![CDATA[Secondary/SPM/'O' Level]]></studies>
										<languages><![CDATA[Chinese]]></languages>
										<premium>yes</premium>
										</job><job>
										<id> <![CDATA[321381]]> </id>
										<url> <![CDATA[https://www.maukerja.my/adhjobclick/74aad9d-e768e
]]> </url>
										<title> <![CDATA[Senior/Junior Manicurist]]> </title>
										<content> <![CDATA[<br><b>Job Responsibility</b><br><ul>
<li>Can do acrylic extension, 3D flower, nail art</li>
<li>Discussing nail services and treatments with clients</li>
</ul><br><b>Job Requirements</b><br><ul>
<li>Responsible, can self improve and perform</li>
<li>Can communicate with customer and close sales</li>
<li>Working location:&nbsp;Petaling Jaya</li>
</ul><br><b>Job Benifits</b><br><ul>
<li>EPF, sick leave, annual leave, wedding leave etc.</li>
</ul>
<p>&nbsp;</p>
<p>If you are interested in the job, please call me or whatsapp me at 012 2988433 or email to me at tay761@gmail.com</p>]]></content>
										<city> <![CDATA[Petaling Jaya]]> </city>
										<region><![CDATA[Selangor]]></region>
										<zip><![CDATA[47301]]></zip>
										<salary><![CDATA[RM1,700.0 - RM3,500.0 Per Month]]></salary>
										<company> <![CDATA[Cool Nails]]> </company>
										<contract><![CDATA[Full Time]]></contract>
										<category><![CDATA[Beauty / Fitness]]></category>
										<pubdate> <![CDATA[04/08/2017 10:42:52]]> </pubdate>
										<expirydate> <![CDATA[26/01/2018 18:00:09]]> </expirydate>
										<studies><![CDATA[Secondary/SPM/'O' Level]]></studies>
										<languages><![CDATA[English]]></languages>
										<premium>yes</premium>
										</job><job>
										<id> <![CDATA[318721]]> </id>
										<url> <![CDATA[https://www.maukerja.my/adhjobclick/58bza67-e768e
]]> </url>
										<title> <![CDATA[Accounts Assistant / Executive -  Mandarin / Thai Speaking (Upto RM 3000)]]> </title>
										<content> <![CDATA[<br><b>Job Responsibility</b><br><ul>
<li>Perform accounting tasks related to the efficient maintenance and processing of accounts receivable/payable transactions and Fixed</li>
<li>Review and process of vendor invoices</li>
<li>Review and process staff/travel claims</li>
<li>Process payment and ensure completeness of payment process</li>
<li>Review and apply customer receipts</li>
<li>Generate AP/AR reports</li>
<li>Vendor and customer master maintenance</li>
<li>To ensure accurate, prompt and up-to-date system entry.</li>
<li>Actively work with Finance Manager and in-country operation team to identify service delivery issues and propose mitigation/improvement actions as appropriate manage internal stakeholders to resolve issues in a timely manner.</li>
<li>Build capability by identifying best practices, transferring knowledge to others.&nbsp;</li>
<li>Participate in activities that expand functional and technical expertise.</li>
<li>Other related duties as and when required</li>
</ul><br><b>Job Requirements</b><br><ul>
<li>Currently we are assisting our MNC&nbsp;client &nbsp;to look for Mandarin/Thai speaking (experience and Fresh Graduate) candidates to work in their company as Account Execuitve (direct employment under our client) at Kuala Lumpur.</li>
<li>Mandarin/Thai speaking</li>
<li>Diploma/Degree in Accounting</li>
<li>Fresh Graduates are also welcomed to apply</li>
</ul><br><b>Job Benifits</b><br><ul>
<li>Minimum standard benefits.</li>
</ul>]]></content>
										<city> <![CDATA[KLCC]]> </city>
										<region><![CDATA[Kuala Lumpur]]></region>
										<zip><![CDATA[]]></zip>
										<salary><![CDATA[Undisclose]]></salary>
										<company> <![CDATA[Company Confidential]]> </company>
										<contract><![CDATA[Full Time]]></contract>
										<category><![CDATA[Accounting / Tax Services]]></category>
										<pubdate> <![CDATA[18/09/2017 15:09:36]]> </pubdate>
										<expirydate> <![CDATA[14/02/2018 18:00:07]]> </expirydate>
										<studies><![CDATA[Diploma]]></studies>
										<languages><![CDATA[No]]></languages>
										<premium>yes</premium>
										</job><job>
										<id> <![CDATA[315228]]> </id>
										<url> <![CDATA[https://www.maukerja.my/adhjobclick/b5b3975-e768e
]]> </url>
										<title> <![CDATA[Telesales Representative (Up to USD 1700)]]> </title>
										<content> <![CDATA[<br><b>Job Responsibility</b><br><ul>
<li>Contact businesses and private individuals by telephone to promote products, services;</li>
<li>Explain the product or service to potential customers</li>
<li>Record customer details including reaction to the product or service offered</li>
<li>Obtain contact details of potential customers from sources including telephone directories and purchased lists</li>
<li>Conduct customer and marketing surveys</li>
<li>Answer telephone calls from potential customers who are responding to advertisements</li>
</ul><br><b>Job Requirements</b><br><ul>
<li>Knowledge of sales and marketing principles</li>
<li>Relevant work experience in sales, marketing, promotions or telemarketing</li>
<li>Product knowledge</li>
<li>Proficiency in relevant computer applications</li>
<li>Communication skills and Negotiation skills. &nbsp;</li>
</ul><br><b>Job Benifits</b><br><ul>
<li>Salary</li>
<ul>
<li>Post ranks wage system, your income depends on your contribution, give stock dividends to outstanding employees</li>
</ul>
<li>Holiday</li>
<ul>
<li>In addition to regular rest days and local statutory holidays ,staffs enjoy 15 days of paid annual leave</li>
</ul>
<li>Traffic</li>
<ul>
<li>Not less than 2 times round-trip international air ticket each year</li>
</ul>
<li>Working system</li>
<ul>
<li>8 hours / day</li>
</ul>
<li>Accommodation</li>
<ul>
<li>Company provides service flat, The flat management is meticulous with apartment appliances complete and provide water, power ,network ,property and regular cleaning service</li>
</ul>
<li>Meal supplement</li>
<ul>
<li>Provide lunch and dinner</li>
</ul>
<li>Insurance</li>
<ul>
<li>Local medical insurance and global joint guaranteed commercial accidental insurance</li>
</ul>
<li>Work visa</li>
<ul>
<li>Manage SWP (temporary work visa) as soon as entry, manage long-term visa after become regular worker ,</li>
</ul>
<li>Others</li>
<ul>
<li>Chinese traditional holiday allowance ,birthday allowance and birthday cake, weekly basketball, football, badminton, climbing mountains, photography, golf, dance and other activities, monthly departmental activities ,annual collective tourism, weekly fruit supply...</li>
</ul>
</ul>]]></content>
										<city> <![CDATA[Makati City]]> </city>
										<region><![CDATA[National Capital Region]]></region>
										<zip><![CDATA[1226]]></zip>
										<salary><![CDATA[USD1,100.0 - USD1,700.0 Per Month]]></salary>
										<company> <![CDATA[Total Crest Business Support, Inc]]> </company>
										<contract><![CDATA[Full Time]]></contract>
										<category><![CDATA[Call Center / BPO]]></category>
										<pubdate> <![CDATA[04/04/2017 00:03:40]]> </pubdate>
										<expirydate> <![CDATA[12/02/2018 18:00:04]]> </expirydate>
										<studies><![CDATA[Diploma]]></studies>
										<languages><![CDATA[Chinese]]></languages>
										<premium>yes</premium>
										</job></adhance>